{"version":"0.1.1","miniCompatibleVersion":"0.1.0","content":{"pages":[{"elements":[{"id":"image-1","rect":["0px","0px","936px","443px"],"radius":"0px","scale2d":[1,1],"transform2d":["0px","0px"],"rotate3d":[0,0,0],"rotateCenter":["468px","221px"],"opacity":255,"events":[],"animations":[],"blur":0,"type":"image","url":"images/BG_9.png","parallax":{"type":"vertical","parameter":{"range":["-30px","30px"]}}},{"id":"image-2","rect":["-468px","443px","1656px","195px"],"radius":"0px","scale2d":[1,1],"transform2d":["0px","0px"],"rotate3d":[0,0,0],"rotateCenter":["828px","97px"],"opacity":255,"events":[],"animations":[{"id":"action-translation-161117151947588SS","interpolator":{"name":"linear","args":{"path":[0,0,0.66,1]}},"type":"normal","startTime":0,"duration":800,"repeat":false,"repeatCount":-1,"repeatMode":"restart","transform2d":["-451.15235394214443px","249.85365853658607px"]},{"id":"action-translation-161117154955152SS","interpolator":{"name":"linear","args":{"path":[1,1,0,0]}},"type":"normal","startTime":800,"duration":50000,"repeat":false,"repeatCount":-1,"repeatMode":"restart","transform2d":["945.6031802996051px","250.30672419695398px"]}],"blur":0,"type":"image","url":"images/cloud_4_8.png","parallax":{"type":"vertical","parameter":{"range":["-34.61538461538461px","34.61538461538461px"]}}},{"id":"image-3","rect":["-138px","558px","1211px","117px"],"radius":"0px","scale2d":[1,1],"transform2d":["0px","0px"],"rotate3d":[0,0,0],"rotateCenter":["605px","58px"],"opacity":255,"events":[],"animations":[{"id":"action-translation-161117151905658SS","interpolator":{"name":"linear","args":{"path":[0,0,0.66,1]}},"type":"normal","startTime":0,"duration":800,"repeat":false,"repeatCount":-1,"repeatMode":"restart","transform2d":["-97.65853658536577px","325.9512195121945px"]},{"id":"action-translation-161117154937870SS","interpolator":{"name":"linear","args":{"path":[1,1,0,0]}},"type":"normal","startTime":800,"duration":40000,"repeat":false,"repeatCount":-1,"repeatMode":"restart","transform2d":["950.6598817985333px","326.15724668088px"]}],"blur":0,"type":"image","url":"images/cloud_3_7.png","parallax":{"type":"vertical","parameter":{"range":["-30.021367521367523px","30.021367521367523px"]}}},{"id":"image-4","rect":["422px","708px","1028px","71px"],"radius":"0px","scale2d":[1,1],"transform2d":["0px","0px"],"rotate3d":[0,0,0],"rotateCenter":["514px","35px"],"opacity":255,"events":[],"animations":[{"id":"action-translation-161117151754554SS","interpolator":{"name":"linear","args":{"path":[0,0,0.66,1]}},"type":"normal","startTime":0,"duration":800,"repeat":false,"repeatCount":-1,"repeatMode":"restart","transform2d":["424.6243902439026px","374.2731707317068px"]},{"id":"action-translation-161117154903593SS","interpolator":{"name":"linear","args":{"path":[1,1,0,0]}},"type":"normal","startTime":800,"duration":30000,"repeat":false,"repeatCount":-1,"repeatMode":"restart","transform2d":["1426.4954928476845px","388.10184004275175px"]}],"blur":0,"type":"image","url":"images/cloud_2_6.png","parallax":{"type":"vertical","parameter":{"range":["-10px","10px"]}}},{"id":"image-5","rect":["-436px","720px","904px","59px"],"radius":"0px","scale2d":[1,1],"transform2d":["0px","0px"],"rotate3d":[0,0,0],"rotateCenter":["452px","29px"],"opacity":255,"events":[],"animations":[{"id":"action-translation-161117151814443SS","interpolator":{"name":"linear","args":{"path":[0,0,0.66,1]}},"type":"normal","startTime":0,"duration":800,"repeat":false,"repeatCount":-1,"repeatMode":"restart","transform2d":["-454.04054587141576px","390.7609756097558px"]},{"id":"action-translation-161117154919193SS","interpolator":{"name":"linear","args":{"path":[1,1,0,0]}},"type":"normal","startTime":800,"duration":30000,"repeat":false,"repeatCount":-1,"repeatMode":"restart","transform2d":["960.7732847963871px","384.30931391855603px"]}],"blur":0,"type":"image","url":"images/cloud_1_5.png","parallax":{"type":"vertical","parameter":{"range":["-49.31623931623932px","49.31623931623932px"]}}},{"id":"image-6","rect":["55px","84px","108px","115px"],"radius":"0px","scale2d":[1,1],"transform2d":["0px","0px"],"rotate3d":[0,0,0],"rotateCenter":["54px","57px"],"opacity":255,"events":[],"animations":[{"id":"appear-blendTrans-161117153131211SS","interpolator":{"name":"linear","args":{"path":[1,1,0,0]}},"type":"normal","startTime":0,"duration":800,"opacity":255,"blur":0,"scale2d":[1,1],"rotate3d":[0,0,0]}],"blur":0,"type":"image","url":"images/flymelogo_4.png","parallax":{"type":"vertical","parameter":{"range":["-45.34188034188034px","45.34188034188034px"]}}},{"id":"image-7","rect":["50px","280px","391px","90px"],"radius":"0px","scale2d":[1,1],"transform2d":["0px","0px"],"rotate3d":[0,0,0],"rotateCenter":["195px","45px"],"opacity":255,"events":[{"type":"click","action":"sendBroadcast","args":"#Intent;action=com.meizu.flyme.update.APPOINT_AUTO_UPGRADE;package=com.meizu.flyme.broadcastdemo;S.package_name=com.flyme.design;end"}],"animations":[{"id":"appear-blendTrans-161117152916478SS","interpolator":{"name":"linear","args":{"path":[1,1,0,0]}},"type":"normal","startTime":0,"duration":800,"opacity":255,"blur":0,"scale2d":[1,1],"rotate3d":[0,0,0]}],"blur":0,"type":"image","url":"images/download_3.png","parallax":{"type":"vertical","parameter":{"range":["-39.47714172132777px","39.47714172132777px"]}}},{"id":"image-8","rect":["493px","279px","391px","90px"],"radius":"0px","scale2d":[1,1],"transform2d":["0px","0px"],"rotate3d":[0,0,0],"rotateCenter":["195px","45px"],"opacity":255,"events":[{"type":"click","action":"sendBroadcast","args":"#Intent;action=com.meizu.flyme.update.PUSH_DOWNLOAD;package=com.meizu.flyme.broadcastdemo;S.package_name=com.flyme.design;end"}],"animations":[{"id":"appear-blendTrans-161117153042187SS","interpolator":{"name":"linear","args":{"path":[1,1,0,0]}},"type":"normal","startTime":0,"duration":800,"opacity":255,"blur":0,"scale2d":[1,1],"rotate3d":[0,0,0]}],"blur":0,"type":"image","url":"images/upgrade_2.png","parallax":{"type":"vertical","parameter":{"range":["-20.576923076923073px","20.576923076923073px"]}}},{"id":"text-1","rect":["164px","54px","460px","47px"],"radius":"0px","scale2d":[1,1],"transform2d":["0px","0px"],"rotate3d":[0,0,0],"rotateCenter":["230px","23px"],"opacity":255,"events":[],"animations":[{"id":"appear-blendTrans-161117175321585SS","interpolator":{"name":"linear","args":{"path":[1,1,0,0]}},"type":"normal","startTime":0,"duration":1000,"opacity":255,"blur":0,"scale2d":[1,1],"rotate3d":[0,0,0]}],"blur":0,"type":"text","textAttrs":{"text":"Flyme 6 升级了！","textSize":"48px","textStyle":"normal","fontStyle":"Light","textColor":-1,"background":0,"gravity":"center","maxLength":20,"maxLines":4,"ellipsize":"end","letterSpacing":"0px","lineSpacingExtra":"0px"},"parallax":{"type":"vertical","parameter":{"range":["-33.16239316239316px","33.16239316239316px"]}}},{"id":"text-2","rect":["214px","130px","680px","82px"],"radius":"0px","scale2d":[1,1],"transform2d":["0px","0px"],"rotate3d":[0,0,0],"rotateCenter":["340px","41px"],"opacity":255,"events":[],"animations":[{"id":"appear-blendTrans-161117175821894SS","interpolator":{"name":"linear","args":{"path":[1,1,0,0]}},"type":"normal","startTime":0,"duration":800,"opacity":255,"blur":0,"scale2d":[1,1],"rotate3d":[0,0,0]}],"blur":0,"type":"text","textAttrs":{"text":"新版本准备就绪，秋日季，来一发有温度的包","textSize":"42px","textStyle":"normal","fontStyle":"Light","textColor":-1,"background":0,"gravity":"left","maxLength":20,"maxLines":4,"ellipsize":"end","letterSpacing":"0px","lineSpacingExtra":"0px"},"parallax":{"type":"vertical","parameter":{"range":["-26.324786324786324px","26.324786324786324px"]}}}],"style":{"width":"936px","height":"444px","background":"","border":"","radius":"0px","colorPrimary":-10182401},"events":[],"duration":0,"autoPlay":true,"playMode":0}]}}